[{"type":"TextInputComponent","production":false,"properties":{},"events":{},"inputVariable":{"fieldVariable":{"type":"variable","value":"in1"}},"width":327,"height":100,"X":311,"Y":93,"id":"fed1b69b-e99c-4ca1-9d98-314853f0adb7"},{"type":"MessageComponent","production":false,"properties":{"messageVariable":{"type":"text","value":"out1"},"backgroundColor":{"type":"text","value":"#fff000"}},"events":{},"inputVariable":{},"width":100,"height":100,"X":423,"Y":399,"id":"aabb8933-3938-4a28-8893-42631592af00"},{"type":"ButtonComponent","production":false,"properties":{"textValue":{"type":"text","value":"Click Me"},"backgroundColor":{"type":"text","value":"#23fcf9"}},"events":{"clickEvent":{"workFlowName":"wf1"}},"inputVariable":{},"width":100,"height":100,"X":430,"Y":240,"id":"f5da8e46-90af-43b4-9ef2-301502ae10e0"}]